library_pn,official_pin,family,series,poles,gender,finish,bushing,termination,contacts,cable_od_min_mm,cable_od_max_mm,housing_material,datasheet,product_desc
NC3FXX,NC3FXX,XLR,XX,3,female,nickel,black,solder cup,1 2 3,3.5,8.0,zinc diecast (ZnAl4Cu1),https://www.neutrik.com/media/19523/download/Assembly%20Instruction%20-%20XLR%20XX%20Series.pdf,
NC3FXX-B,NC3FXX-B,XLR,XX,3,female,B,black,solder cup,1 2 3,3.5,8.0,zinc diecast (ZnAl4Cu1),https://www.neutrik.com/media/19523/download/Assembly%20Instruction%20-%20XLR%20XX%20Series.pdf,
NC3FXX-BAG,NC3FXX-BAG,XLR,XX,3,female,BAG,black,solder cup,1 2 3,3.5,8.0,zinc diecast (ZnAl4Cu1),https://www.neutrik.com/media/19523/download/Assembly%20Instruction%20-%20XLR%20XX%20Series.pdf,
NC3FXX-WT,NC3FXX-WT,XLR,XX,3,female,WT,black,solder cup,1 2 3,3.5,8.0,zinc diecast (ZnAl4Cu1),https://www.neutrik.com/media/19523/download/Assembly%20Instruction%20-%20XLR%20XX%20Series.pdf,
NC3MXX,NC3MXX,XLR,XX,3,male,nickel,black,solder cup,1 2 3,3.5,8.0,zinc diecast (ZnAl4Cu1),https://www.neutrik.com/media/19523/download/Assembly%20Instruction%20-%20XLR%20XX%20Series.pdf,
NC3MXX-B,NC3MXX-B,XLR,XX,3,male,B,black,solder cup,1 2 3,3.5,8.0,zinc diecast (ZnAl4Cu1),https://www.neutrik.com/media/19523/download/Assembly%20Instruction%20-%20XLR%20XX%20Series.pdf,
NC3MXX-BAG,NC3MXX-BAG,XLR,XX,3,male,BAG,black,solder cup,1 2 3,3.5,8.0,zinc diecast (ZnAl4Cu1),https://www.neutrik.com/media/19523/download/Assembly%20Instruction%20-%20XLR%20XX%20Series.pdf,
NC3MXX-WT,NC3MXX-WT,XLR,XX,3,male,WT,black,solder cup,1 2 3,3.5,8.0,zinc diecast (ZnAl4Cu1),https://www.neutrik.com/media/19523/download/Assembly%20Instruction%20-%20XLR%20XX%20Series.pdf,
NC4FXX,NC4FXX,XLR,XX,4,female,nickel,black,solder cup,1 2 3 4,3.5,8.0,zinc diecast (ZnAl4Cu1),https://www.neutrik.com/media/19523/download/Assembly%20Instruction%20-%20XLR%20XX%20Series.pdf,
NC4FXX-B,NC4FXX-B,XLR,XX,4,female,B,black,solder cup,1 2 3 4,3.5,8.0,zinc diecast (ZnAl4Cu1),https://www.neutrik.com/media/19523/download/Assembly%20Instruction%20-%20XLR%20XX%20Series.pdf,
NC4FXX-BAG,NC4FXX-BAG,XLR,XX,4,female,BAG,black,solder cup,1 2 3 4,3.5,8.0,zinc diecast (ZnAl4Cu1),https://www.neutrik.com/media/19523/download/Assembly%20Instruction%20-%20XLR%20XX%20Series.pdf,
NC4MXX,NC4MXX,XLR,XX,4,male,nickel,black,solder cup,1 2 3 4,3.5,8.0,zinc diecast (ZnAl4Cu1),https://www.neutrik.com/media/19523/download/Assembly%20Instruction%20-%20XLR%20XX%20Series.pdf,
NC4MXX-B,NC4MXX-B,XLR,XX,4,male,B,black,solder cup,1 2 3 4,3.5,8.0,zinc diecast (ZnAl4Cu1),https://www.neutrik.com/media/19523/download/Assembly%20Instruction%20-%20XLR%20XX%20Series.pdf,
NC4MXX-BAG,NC4MXX-BAG,XLR,XX,4,male,BAG,black,solder cup,1 2 3 4,3.5,8.0,zinc diecast (ZnAl4Cu1),https://www.neutrik.com/media/19523/download/Assembly%20Instruction%20-%20XLR%20XX%20Series.pdf,
NC5FXX,NC5FXX,XLR,XX,5,female,nickel,black,solder cup,1 2 3 4 5,3.5,8.0,zinc diecast (ZnAl4Cu1),https://www.neutrik.com/media/19523/download/Assembly%20Instruction%20-%20XLR%20XX%20Series.pdf,
NC5FXX-B,NC5FXX-B,XLR,XX,5,female,B,black,solder cup,1 2 3 4 5,3.5,8.0,zinc diecast (ZnAl4Cu1),https://www.neutrik.com/media/19523/download/Assembly%20Instruction%20-%20XLR%20XX%20Series.pdf,
NC5FXX-BAG,NC5FXX-BAG,XLR,XX,5,female,BAG,black,solder cup,1 2 3 4 5,3.5,8.0,zinc diecast (ZnAl4Cu1),https://www.neutrik.com/media/19523/download/Assembly%20Instruction%20-%20XLR%20XX%20Series.pdf,
NC5MXX,NC5MXX,XLR,XX,5,male,nickel,black,solder cup,1 2 3 4 5,3.5,8.0,zinc diecast (ZnAl4Cu1),https://www.neutrik.com/media/19523/download/Assembly%20Instruction%20-%20XLR%20XX%20Series.pdf,
NC5MXX-B,NC5MXX-B,XLR,XX,5,male,B,black,solder cup,1 2 3 4 5,3.5,8.0,zinc diecast (ZnAl4Cu1),https://www.neutrik.com/media/19523/download/Assembly%20Instruction%20-%20XLR%20XX%20Series.pdf,
NC5MXX-BAG,NC5MXX-BAG,XLR,XX,5,male,BAG,black,solder cup,1 2 3 4 5,3.5,8.0,zinc diecast (ZnAl4Cu1),https://www.neutrik.com/media/19523/download/Assembly%20Instruction%20-%20XLR%20XX%20Series.pdf,
NC6FXX,NC6FXX,XLR,XX,6,female,nickel,black,solder cup,1 2 3 4 5 6,3.5,8.0,zinc diecast (ZnAl4Cu1),https://www.neutrik.com/media/19523/download/Assembly%20Instruction%20-%20XLR%20XX%20Series.pdf,
NC6MXX,NC6MXX,XLR,XX,6,male,nickel,black,solder cup,1 2 3 4 5 6,3.5,8.0,zinc diecast (ZnAl4Cu1),https://www.neutrik.com/media/19523/download/Assembly%20Instruction%20-%20XLR%20XX%20Series.pdf,
NC7FXX,NC7FXX,XLR,XX,7,female,nickel,black,solder cup,1 2 3 4 5 6 7,3.5,8.0,zinc diecast (ZnAl4Cu1),https://www.neutrik.com/media/19523/download/Assembly%20Instruction%20-%20XLR%20XX%20Series.pdf,
NC7MXX,NC7MXX,XLR,XX,7,male,nickel,black,solder cup,1 2 3 4 5 6 7,3.5,8.0,zinc diecast (ZnAl4Cu1),https://www.neutrik.com/media/19523/download/Assembly%20Instruction%20-%20XLR%20XX%20Series.pdf,
NE8MX,NE8MX,etherCON,CAT5e,8,male,nickel,black,RJ45,1 2 3 4 5 6 7 8,4.5,8.0,zinc diecast (ZnAl4Cu1),https://www.neutrik.com/media/10044/download/Drawing%20NE8MX6.pdf,carrier for pre-assembled RJ45 plugs
NE8MX-B,NE8MX-B,etherCON,CAT5e,8,male,B,black,RJ45,1 2 3 4 5 6 7 8,4.5,8.0,zinc diecast (ZnAl4Cu1),https://www.neutrik.com/media/10044/download/Drawing%20NE8MX6.pdf,carrier for pre-assembled RJ45 plugs
NE8MC,NE8MC,etherCON,CAT5e,8,male,nickel,black,RJ45,1 2 3 4 5 6 7 8,5.0,8.0,zinc diecast (ZnAl4Cu1),https://www.neutrik.com/media/10044/download/Drawing%20NE8MX6.pdf,CAT5e cable connector with RJ45 plug
NE8MC-B,NE8MC-B,etherCON,CAT5e,8,male,B,black,RJ45,1 2 3 4 5 6 7 8,5.0,8.0,zinc diecast (ZnAl4Cu1),https://www.neutrik.com/media/10044/download/Drawing%20NE8MX6.pdf,CAT5e cable connector with RJ45 plug
NE8MX6,NE8MX6,etherCON,CAT6A,8,male,nickel,black,RJ45,1 2 3 4 5 6 7 8,7.0,9.5,zinc diecast (ZnAl4Cu1),https://www.neutrik.com/media/10044/download/Drawing%20NE8MX6.pdf,"CAT6A self-termination cable connector, insulation diameter > 1.1 mm"
NE8MX6-B,NE8MX6-B,etherCON,CAT6A,8,male,B,black,RJ45,1 2 3 4 5 6 7 8,7.0,9.5,zinc diecast (ZnAl4Cu1),https://www.neutrik.com/media/10044/download/Drawing%20NE8MX6.pdf,"CAT6A self-termination cable connector, insulation diameter > 1.1 mm"
NE8MX6-T,NE8MX6-T,etherCON,CAT6A,8,male,nickel,black,RJ45,1 2 3 4 5 6 7 8,7.0,9.5,zinc diecast (ZnAl4Cu1),https://www.neutrik.com/media/10044/download/Drawing%20NE8MX6.pdf,"CAT6A self-termination cable connector, insulation diameter <= 1.1 mm"
NAC3FCA,NAC3FCA,powerCON,powerCON 20 A,3,female,nickel,blue,screw terminal,L N PE,6.0,15.0,glass-reinforced polyamide,https://www.neutrik.com/media/10093/download/Neutrik%20Product%20Guide%20-%2006%20powerCON%20and%20Circular%20Connectors%20PG%20EN%20202210-V25.pdf,"power-in cable connector, quick lock with securing lever"
NAC3FCB,NAC3FCB,powerCON,powerCON 20 A,3,female,nickel,grey,screw terminal,L N PE,6.0,15.0,glass-reinforced polyamide,https://www.neutrik.com/media/10093/download/Neutrik%20Product%20Guide%20-%2006%20powerCON%20and%20Circular%20Connectors%20PG%20EN%20202210-V25.pdf,"power-out cable connector, quick lock with securing lever"
NAC3FX-W,NAC3FX-W,powerCON,powerCON TRUE1,3,female,nickel,black,screw terminal,L N PE,6.0,12.0,glass-reinforced polyamide,https://www.neutrik.com/media/10093/download/Neutrik%20Product%20Guide%20-%2006%20powerCON%20and%20Circular%20Connectors%20PG%20EN%20202210-V25.pdf,"locking power-in cable connector, IP65"
NAC3MX-W,NAC3MX-W,powerCON,powerCON TRUE1,3,male,nickel,black,screw terminal,L N PE,6.0,12.0,glass-reinforced polyamide,https://www.neutrik.com/media/10093/download/Neutrik%20Product%20Guide%20-%2006%20powerCON%20and%20Circular%20Connectors%20PG%20EN%20202210-V25.pdf,"locking power-out cable connector, IP65"
NAC3FX-W-TOP,NAC3FX-W-TOP,powerCON,powerCON TRUE1 TOP,3,female,nickel,black,screw terminal,L N PE,6.0,12.0,glass-reinforced polyamide,https://www.neutrik.com/media/10093/download/Neutrik%20Product%20Guide%20-%2006%20powerCON%20and%20Circular%20Connectors%20PG%20EN%20202210-V25.pdf,"locking power-in cable connector, IP65"
NAC3MX-W-TOP,NAC3MX-W-TOP,powerCON,powerCON TRUE1 TOP,3,male,nickel,black,screw terminal,L N PE,6.0,12.0,glass-reinforced polyamide,https://www.neutrik.com/media/10093/download/Neutrik%20Product%20Guide%20-%2006%20powerCON%20and%20Circular%20Connectors%20PG%20EN%20202210-V25.pdf,"locking power-out cable connector, IP65"
NAC3FX-W-TOP-L,NAC3FX-W-TOP-L,powerCON,powerCON TRUE1 TOP Large,3,female,nickel,black,screw terminal,L N PE,10.0,16.0,glass-reinforced polyamide,https://www.neutrik.com/media/10093/download/Neutrik%20Product%20Guide%20-%2006%20powerCON%20and%20Circular%20Connectors%20PG%20EN%20202210-V25.pdf,"locking power-in cable connector for large cable, IP65"
NAC3MX-W-TOP-L,NAC3MX-W-TOP-L,powerCON,powerCON TRUE1 TOP Large,3,male,nickel,black,screw terminal,L N PE,10.0,16.0,glass-reinforced polyamide,https://www.neutrik.com/media/10093/download/Neutrik%20Product%20Guide%20-%2006%20powerCON%20and%20Circular%20Connectors%20PG%20EN%20202210-V25.pdf,"locking power-out cable connector for large cable, IP65"
NP2X,NP2X,TRS,PX,2,male,nickel,black,solder cup,T S,4.0,7.0,zinc diecast (ZnAl4Cu1),https://media.djmania.net/manuales/pdf/Manual_Neutrik_NP3X.pdf,"1/4"" phone plug, mono (TS)"
NP2X-B,NP2X-B,TRS,PX,2,male,B,black,solder cup,T S,4.0,7.0,zinc diecast (ZnAl4Cu1),https://media.djmania.net/manuales/pdf/Manual_Neutrik_NP3X.pdf,"1/4"" phone plug, mono (TS)"
NP2X-BAG,NP2X-BAG,TRS,PX,2,male,BAG,black,solder cup,T S,4.0,7.0,zinc diecast (ZnAl4Cu1),https://media.djmania.net/manuales/pdf/Manual_Neutrik_NP3X.pdf,"1/4"" phone plug, mono (TS)"
NP2X-WT,NP2X-WT,TRS,PX,2,male,WT,white,solder cup,T S,4.0,7.0,zinc diecast (ZnAl4Cu1),https://media.djmania.net/manuales/pdf/Manual_Neutrik_NP3X.pdf,"1/4"" phone plug, mono (TS)"
NP2XL,NP2XL,TRS,jumboPLUG,2,male,nickel,black,solder cup,T S,4.0,10.0,zinc diecast (ZnAl4Cu1),https://media.djmania.net/manuales/pdf/Manual_Neutrik_NP3X.pdf,"1/4"" jumboPLUG for thick instrument and loudspeaker cable, mono (TS)"
NP3X,NP3X,TRS,PX,3,male,nickel,black,solder cup,T R S,4.0,7.0,zinc diecast (ZnAl4Cu1),https://media.djmania.net/manuales/pdf/Manual_Neutrik_NP3X.pdf,"1/4"" phone plug, stereo (TRS)"
NP3X-B,NP3X-B,TRS,PX,3,male,B,black,solder cup,T R S,4.0,7.0,zinc diecast (ZnAl4Cu1),https://media.djmania.net/manuales/pdf/Manual_Neutrik_NP3X.pdf,"1/4"" phone plug, stereo (TRS)"
NP3X-BAG,NP3X-BAG,TRS,PX,3,male,BAG,black,solder cup,T R S,4.0,7.0,zinc diecast (ZnAl4Cu1),https://media.djmania.net/manuales/pdf/Manual_Neutrik_NP3X.pdf,"1/4"" phone plug, stereo (TRS)"
NP3XL,NP3XL,TRS,jumboPLUG,3,male,nickel,black,solder cup,T R S,4.0,10.0,zinc diecast (ZnAl4Cu1),https://media.djmania.net/manuales/pdf/Manual_Neutrik_NP3X.pdf,"1/4"" jumboPLUG for thick instrument and loudspeaker cable, stereo (TRS)"
NP2X-AU-SILENT,NP2X-AU-SILENT,TRS,silentPLUG,2,male,nickel,black,solder cup,T S,4.0,7.0,zinc diecast (ZnAl4Cu1),https://media.djmania.net/manuales/pdf/Manual_Neutrik_NP3X.pdf,"1/4"" silentPLUG with muting switch, mono (TS)"
NL2FX,NL2FX,speakON,X,2,female,nickel,blue,screw terminal,1+ 1-,6.0,10.0,glass-reinforced polyamide,https://www.neutrik.com/media/10094/download/03%20NEUTRIK%20PG%20E%20-%20speakON%20Connectors%20-%20202104-V21.pdf,"cable connector with chuck, intermates with 4 pole chassis on +1/-1"
NL4FX,NL4FX,speakON,X,4,female,nickel,black,screw terminal,1+ 1- 2+ 2-,7.0,14.5,glass-reinforced polyamide,https://www.neutrik.com/media/10094/download/03%20NEUTRIK%20PG%20E%20-%20speakON%20Connectors%20-%20202104-V21.pdf,cable connector with chuck
NL4FX-2,NL4FX-2,speakON,X,4,female,nickel,red,screw terminal,1+ 1- 2+ 2-,7.0,14.5,glass-reinforced polyamide,https://www.neutrik.com/media/10094/download/03%20NEUTRIK%20PG%20E%20-%20speakON%20Connectors%20-%20202104-V21.pdf,cable connector with chuck and red bushing
NL4FX-4,NL4FX-4,speakON,X,4,female,nickel,yellow,screw terminal,1+ 1- 2+ 2-,7.0,14.5,glass-reinforced polyamide,https://www.neutrik.com/media/10094/download/03%20NEUTRIK%20PG%20E%20-%20speakON%20Connectors%20-%20202104-V21.pdf,cable connector with chuck and yellow bushing
NL4FX-5,NL4FX-5,speakON,X,4,female,nickel,green,screw terminal,1+ 1- 2+ 2-,7.0,14.5,glass-reinforced polyamide,https://www.neutrik.com/media/10094/download/03%20NEUTRIK%20PG%20E%20-%20speakON%20Connectors%20-%20202104-V21.pdf,cable connector with chuck and green bushing
NL4FX-9,NL4FX-9,speakON,X,4,female,nickel,white,screw terminal,1+ 1- 2+ 2-,7.0,14.5,glass-reinforced polyamide,https://www.neutrik.com/media/10094/download/03%20NEUTRIK%20PG%20E%20-%20speakON%20Connectors%20-%20202104-V21.pdf,cable connector with chuck and white bushing
NL4FC,NL4FC,speakON,FC,4,female,nickel,black,screw terminal,1+ 1- 2+ 2-,8.0,20.0,glass-reinforced polyamide,https://www.neutrik.com/media/10094/download/03%20NEUTRIK%20PG%20E%20-%20speakON%20Connectors%20-%20202104-V21.pdf,cable connector with latch lock
NL8FC,NL8FC,speakON,FC,8,female,nickel,black,screw terminal,1+ 1- 2+ 2- 3+ 3- 4+ 4-,8.0,20.0,glass-reinforced polyamide,https://www.neutrik.com/media/10094/download/03%20NEUTRIK%20PG%20E%20-%20speakON%20Connectors%20-%20202104-V21.pdf,cable connector with latch lock
NLT4FX,NLT4FX,speakON,STX,4,female,nickel,black,screw terminal,1+ 1- 2+ 2-,8.0,16.0,zinc diecast (ZnAl4Cu1),https://www.neutrik.com/media/10094/download/03%20NEUTRIK%20PG%20E%20-%20speakON%20Connectors%20-%20202104-V21.pdf,"female cable connector, metal housing, chuck and bushing"
NLT4FX-BAG,NLT4FX-BAG,speakON,STX,4,female,BAG,black,screw terminal,1+ 1- 2+ 2-,8.0,16.0,zinc diecast (ZnAl4Cu1),https://www.neutrik.com/media/10094/download/03%20NEUTRIK%20PG%20E%20-%20speakON%20Connectors%20-%20202104-V21.pdf,"female cable connector, metal housing, chuck and bushing"
NLT4MX,NLT4MX,speakON,STX,4,male,nickel,black,screw terminal,1+ 1- 2+ 2-,8.0,16.0,zinc diecast (ZnAl4Cu1),https://www.neutrik.com/media/10094/download/03%20NEUTRIK%20PG%20E%20-%20speakON%20Connectors%20-%20202104-V21.pdf,"male cable connector, metal housing, chuck and bushing"
NLT4MX-BAG,NLT4MX-BAG,speakON,STX,4,male,BAG,black,screw terminal,1+ 1- 2+ 2-,8.0,16.0,zinc diecast (ZnAl4Cu1),https://www.neutrik.com/media/10094/download/03%20NEUTRIK%20PG%20E%20-%20speakON%20Connectors%20-%20202104-V21.pdf,"male cable connector, metal housing, chuck and bushing"
NLT8FX,NLT8FX,speakON,STX,8,female,nickel,black,screw terminal,1+ 1- 2+ 2- 3+ 3- 4+ 4-,8.0,20.0,zinc diecast (ZnAl4Cu1),https://www.neutrik.com/media/10094/download/03%20NEUTRIK%20PG%20E%20-%20speakON%20Connectors%20-%20202104-V21.pdf,"female cable connector, metal housing, chuck and bushing"
NLT8FX-BAG,NLT8FX-BAG,speakON,STX,8,female,BAG,black,screw terminal,1+ 1- 2+ 2- 3+ 3- 4+ 4-,8.0,20.0,zinc diecast (ZnAl4Cu1),https://www.neutrik.com/media/10094/download/03%20NEUTRIK%20PG%20E%20-%20speakON%20Connectors%20-%20202104-V21.pdf,"female cable connector, metal housing, chuck and bushing"
NLT8MX-BAG,NLT8MX-BAG,speakON,STX,8,male,BAG,black,screw terminal,1+ 1- 2+ 2- 3+ 3- 4+ 4-,8.0,20.0,zinc diecast (ZnAl4Cu1),https://www.neutrik.com/media/10094/download/03%20NEUTRIK%20PG%20E%20-%20speakON%20Connectors%20-%20202104-V21.pdf,"male cable connector, metal housing, chuck and bushing"
